<?xml version="1.0" encoding="UTF-8"?>
<project-private xmlns="http://www.netbeans.org/ns/project-private/1">
    <editor-bookmarks xmlns="http://www.netbeans.org/ns/editor-bookmarks/2" lastBookmarkId="0"/>
    <open-files xmlns="http://www.netbeans.org/ns/projectui-open-files/2">
        <group>
            <file>file:/var/www/html/mymaps/src/v1/PassHash.php</file>
            <file>file:/var/www/html/mymaps/src/v1/Route.php</file>
            <file>file:/var/www/html/mymaps/src/v1/DbHandlerAuth.php</file>
            <file>file:/var/www/html/mymaps/src/v1/DbHandlerTasks.php</file>
            <file>file:/var/www/html/mymaps/v1/index.php</file>
        </group>
    </open-files>
</project-private>
